Comparison,Method,Avg_Rank,Rank_Difference,Significant,CD
permutation_stochastic_universal_scx_inversion vs permutation_rank_scx_inversion,permutation_rank_scx_inversion,7.455357142857143,3.116071428571429,False,93.23144128606305
permutation_stochastic_universal_scx_inversion vs permutation_stochastic_universal_scx_scramble,permutation_stochastic_universal_scx_scramble,7.625,3.2857142857142856,False,93.23144128606305
permutation_stochastic_universal_scx_inversion vs permutation_roulette_wheel_scx_inversion,permutation_roulette_wheel_scx_inversion,8.080357142857142,3.741071428571428,False,93.23144128606305
permutation_stochastic_universal_scx_inversion vs permutation_tournament_scx_inversion,permutation_tournament_scx_inversion,8.133928571428571,3.7946428571428568,False,93.23144128606305
permutation_stochastic_universal_scx_inversion vs permutation_roulette_wheel_scx_scramble,permutation_roulette_wheel_scx_scramble,11.330357142857142,6.991071428571428,False,93.23144128606305
permutation_stochastic_universal_scx_inversion vs permutation_stochastic_universal_scx_swap,permutation_stochastic_universal_scx_swap,13.732142857142858,9.392857142857142,False,93.23144128606305
permutation_stochastic_universal_scx_inversion vs permutation_stochastic_universal_scx_displacement,permutation_stochastic_universal_scx_displacement,15.357142857142858,11.017857142857142,False,93.23144128606305
permutation_stochastic_universal_scx_inversion vs permutation_roulette_wheel_scx_swap,permutation_roulette_wheel_scx_swap,16.169642857142858,11.830357142857142,False,93.23144128606305
permutation_stochastic_universal_scx_inversion vs permutation_elitism_scx_inversion,permutation_elitism_scx_inversion,16.428571428571427,12.089285714285712,False,93.23144128606305
permutation_stochastic_universal_scx_inversion vs permutation_roulette_wheel_scx_displacement,permutation_roulette_wheel_scx_displacement,17.723214285714285,13.38392857142857,False,93.23144128606305
permutation_stochastic_universal_scx_inversion vs permutation_rank_scx_scramble,permutation_rank_scx_scramble,17.723214285714285,13.38392857142857,False,93.23144128606305
permutation_stochastic_universal_scx_inversion vs permutation_elitism_ox_inversion,permutation_elitism_ox_inversion,18.214285714285715,13.875,False,93.23144128606305
permutation_stochastic_universal_scx_inversion vs permutation_stochastic_universal_scx_insert,permutation_stochastic_universal_scx_insert,18.767857142857142,14.428571428571427,False,93.23144128606305
permutation_stochastic_universal_scx_inversion vs permutation_boltzmann_pos_inversion,permutation_boltzmann_pos_inversion,19.392857142857142,15.053571428571427,False,93.23144128606305
permutation_stochastic_universal_scx_inversion vs permutation_rank_scx_swap,permutation_rank_scx_swap,20.241071428571427,15.901785714285712,False,93.23144128606305
permutation_stochastic_universal_scx_inversion vs permutation_elitism_pmx_inversion,permutation_elitism_pmx_inversion,20.25,15.910714285714285,False,93.23144128606305
permutation_stochastic_universal_scx_inversion vs permutation_boltzmann_ox_inversion,permutation_boltzmann_ox_inversion,20.357142857142858,16.017857142857142,False,93.23144128606305
permutation_stochastic_universal_scx_inversion vs permutation_boltzmann_scx_inversion,permutation_boltzmann_scx_inversion,20.696428571428573,16.357142857142858,False,93.23144128606305
permutation_stochastic_universal_scx_inversion vs permutation_roulette_wheel_scx_insert,permutation_roulette_wheel_scx_insert,20.758928571428573,16.419642857142858,False,93.23144128606305
permutation_stochastic_universal_scx_inversion vs permutation_boltzmann_obx_inversion,permutation_boltzmann_obx_inversion,20.964285714285715,16.625,False,93.23144128606305
permutation_stochastic_universal_scx_inversion vs permutation_tournament_scx_swap,permutation_tournament_scx_swap,20.973214285714285,16.63392857142857,False,93.23144128606305
permutation_stochastic_universal_scx_inversion vs permutation_boltzmann_pmx_inversion,permutation_boltzmann_pmx_inversion,21.0,16.660714285714285,False,93.23144128606305
permutation_stochastic_universal_scx_inversion vs permutation_tournament_scx_insert,permutation_tournament_scx_insert,22.026785714285715,17.6875,False,93.23144128606305
permutation_stochastic_universal_scx_inversion vs permutation_rank_scx_insert,permutation_rank_scx_insert,22.508928571428573,18.169642857142858,False,93.23144128606305
permutation_stochastic_universal_scx_inversion vs permutation_boltzmann_cx_inversion,permutation_boltzmann_cx_inversion,23.767857142857142,19.428571428571427,False,93.23144128606305
permutation_stochastic_universal_scx_inversion vs permutation_rank_scx_displacement,permutation_rank_scx_displacement,24.6875,20.348214285714285,False,93.23144128606305
permutation_stochastic_universal_scx_inversion vs permutation_elitism_scx_swap,permutation_elitism_scx_swap,25.482142857142858,21.142857142857142,False,93.23144128606305
permutation_stochastic_universal_scx_inversion vs permutation_tournament_scx_scramble,permutation_tournament_scx_scramble,27.508928571428573,23.169642857142858,False,93.23144128606305
permutation_stochastic_universal_scx_inversion vs permutation_tournament_scx_displacement,permutation_tournament_scx_displacement,28.651785714285715,24.3125,False,93.23144128606305
permutation_stochastic_universal_scx_inversion vs permutation_elitism_scx_insert,permutation_elitism_scx_insert,30.660714285714285,26.32142857142857,False,93.23144128606305
permutation_stochastic_universal_scx_inversion vs permutation_elitism_obx_inversion,permutation_elitism_obx_inversion,31.660714285714285,27.32142857142857,False,93.23144128606305
permutation_stochastic_universal_scx_inversion vs permutation_elitism_pos_inversion,permutation_elitism_pos_inversion,32.55357142857143,28.214285714285715,False,93.23144128606305
permutation_stochastic_universal_scx_inversion vs permutation_elitism_cx_inversion,permutation_elitism_cx_inversion,38.910714285714285,34.57142857142857,False,93.23144128606305
permutation_stochastic_universal_scx_inversion vs permutation_boltzmann_scx_swap,permutation_boltzmann_scx_swap,39.517857142857146,35.17857142857143,False,93.23144128606305
permutation_stochastic_universal_scx_inversion vs permutation_tournament_pmx_inversion,permutation_tournament_pmx_inversion,40.723214285714285,36.38392857142857,False,93.23144128606305
permutation_stochastic_universal_scx_inversion vs permutation_tournament_ox_inversion,permutation_tournament_ox_inversion,43.74107142857143,39.401785714285715,False,93.23144128606305
permutation_stochastic_universal_scx_inversion vs permutation_boltzmann_scx_insert,permutation_boltzmann_scx_insert,45.92857142857143,41.589285714285715,False,93.23144128606305
permutation_stochastic_universal_scx_inversion vs permutation_elitism_scx_scramble,permutation_elitism_scx_scramble,46.285714285714285,41.94642857142857,False,93.23144128606305
permutation_stochastic_universal_scx_inversion vs permutation_elitism_pmx_displacement,permutation_elitism_pmx_displacement,46.82142857142857,42.482142857142854,False,93.23144128606305
permutation_stochastic_universal_scx_inversion vs permutation_elitism_pmx_insert,permutation_elitism_pmx_insert,47.92857142857143,43.589285714285715,False,93.23144128606305
permutation_stochastic_universal_scx_inversion vs permutation_elitism_ox_swap,permutation_elitism_ox_swap,47.964285714285715,43.625,False,93.23144128606305
permutation_stochastic_universal_scx_inversion vs permutation_elitism_scx_displacement,permutation_elitism_scx_displacement,49.589285714285715,45.25,False,93.23144128606305
permutation_stochastic_universal_scx_inversion vs permutation_elitism_ox_insert,permutation_elitism_ox_insert,50.285714285714285,45.94642857142857,False,93.23144128606305
permutation_stochastic_universal_scx_inversion vs permutation_boltzmann_ox_swap,permutation_boltzmann_ox_swap,50.517857142857146,46.17857142857143,False,93.23144128606305
permutation_stochastic_universal_scx_inversion vs permutation_boltzmann_pmx_swap,permutation_boltzmann_pmx_swap,50.642857142857146,46.30357142857143,False,93.23144128606305
permutation_stochastic_universal_scx_inversion vs permutation_boltzmann_pos_swap,permutation_boltzmann_pos_swap,51.785714285714285,47.44642857142857,False,93.23144128606305
permutation_stochastic_universal_scx_inversion vs permutation_boltzmann_ox_insert,permutation_boltzmann_ox_insert,51.839285714285715,47.5,False,93.23144128606305
permutation_stochastic_universal_scx_inversion vs permutation_elitism_ox_displacement,permutation_elitism_ox_displacement,52.017857142857146,47.67857142857143,False,93.23144128606305
permutation_stochastic_universal_scx_inversion vs permutation_boltzmann_cx_swap,permutation_boltzmann_cx_swap,52.32142857142857,47.982142857142854,False,93.23144128606305
permutation_stochastic_universal_scx_inversion vs permutation_boltzmann_obx_swap,permutation_boltzmann_obx_swap,52.375,48.035714285714285,False,93.23144128606305
permutation_stochastic_universal_scx_inversion vs permutation_boltzmann_pmx_insert,permutation_boltzmann_pmx_insert,52.92857142857143,48.589285714285715,False,93.23144128606305
permutation_stochastic_universal_scx_inversion vs permutation_elitism_pmx_swap,permutation_elitism_pmx_swap,53.232142857142854,48.89285714285714,False,93.23144128606305
permutation_stochastic_universal_scx_inversion vs permutation_boltzmann_cx_insert,permutation_boltzmann_cx_insert,54.67857142857143,50.339285714285715,False,93.23144128606305
permutation_stochastic_universal_scx_inversion vs permutation_boltzmann_pos_insert,permutation_boltzmann_pos_insert,54.839285714285715,50.5,False,93.23144128606305
permutation_stochastic_universal_scx_inversion vs permutation_elitism_cx_swap,permutation_elitism_cx_swap,55.607142857142854,51.26785714285714,False,93.23144128606305
permutation_stochastic_universal_scx_inversion vs permutation_boltzmann_obx_insert,permutation_boltzmann_obx_insert,56.732142857142854,52.39285714285714,False,93.23144128606305
permutation_stochastic_universal_scx_inversion vs permutation_elitism_cx_insert,permutation_elitism_cx_insert,58.44642857142857,54.107142857142854,False,93.23144128606305
permutation_stochastic_universal_scx_inversion vs permutation_tournament_pmx_swap,permutation_tournament_pmx_swap,61.955357142857146,57.61607142857143,False,93.23144128606305
permutation_stochastic_universal_scx_inversion vs permutation_elitism_obx_swap,permutation_elitism_obx_swap,62.589285714285715,58.25,False,93.23144128606305
permutation_stochastic_universal_scx_inversion vs permutation_tournament_pos_swap,permutation_tournament_pos_swap,63.294642857142854,58.95535714285714,False,93.23144128606305
permutation_stochastic_universal_scx_inversion vs permutation_elitism_pos_swap,permutation_elitism_pos_swap,63.375,59.035714285714285,False,93.23144128606305
permutation_stochastic_universal_scx_inversion vs permutation_tournament_obx_swap,permutation_tournament_obx_swap,63.419642857142854,59.08035714285714,False,93.23144128606305
permutation_stochastic_universal_scx_inversion vs permutation_boltzmann_pmx_displacement,permutation_boltzmann_pmx_displacement,68.53571428571429,64.19642857142858,False,93.23144128606305
permutation_stochastic_universal_scx_inversion vs permutation_tournament_pmx_insert,permutation_tournament_pmx_insert,68.54464285714286,64.20535714285715,False,93.23144128606305
permutation_stochastic_universal_scx_inversion vs permutation_boltzmann_pos_displacement,permutation_boltzmann_pos_displacement,68.67857142857143,64.33928571428572,False,93.23144128606305
permutation_stochastic_universal_scx_inversion vs permutation_elitism_pos_displacement,permutation_elitism_pos_displacement,68.875,64.53571428571429,False,93.23144128606305
permutation_stochastic_universal_scx_inversion vs permutation_tournament_ox_swap,permutation_tournament_ox_swap,68.88392857142857,64.54464285714286,False,93.23144128606305
permutation_stochastic_universal_scx_inversion vs permutation_elitism_obx_displacement,permutation_elitism_obx_displacement,68.94642857142857,64.60714285714286,False,93.23144128606305
permutation_stochastic_universal_scx_inversion vs permutation_tournament_ox_insert,permutation_tournament_ox_insert,69.11607142857143,64.77678571428572,False,93.23144128606305
permutation_stochastic_universal_scx_inversion vs permutation_tournament_cx_swap,permutation_tournament_cx_swap,69.50892857142857,65.16964285714286,False,93.23144128606305
permutation_stochastic_universal_scx_inversion vs permutation_boltzmann_obx_displacement,permutation_boltzmann_obx_displacement,69.71428571428571,65.375,False,93.23144128606305
permutation_stochastic_universal_scx_inversion vs permutation_boltzmann_ox_displacement,permutation_boltzmann_ox_displacement,69.80357142857143,65.46428571428572,False,93.23144128606305
permutation_stochastic_universal_scx_inversion vs binary_rank_uniform_interchanging,binary_rank_uniform_interchanging,70.03571428571429,65.69642857142858,False,93.23144128606305
permutation_stochastic_universal_scx_inversion vs permutation_boltzmann_scx_displacement,permutation_boltzmann_scx_displacement,70.42857142857143,66.08928571428572,False,93.23144128606305
permutation_stochastic_universal_scx_inversion vs permutation_elitism_pos_insert,permutation_elitism_pos_insert,70.92857142857143,66.58928571428572,False,93.23144128606305
permutation_stochastic_universal_scx_inversion vs permutation_elitism_obx_insert,permutation_elitism_obx_insert,72.64285714285714,68.30357142857143,False,93.23144128606305
permutation_stochastic_universal_scx_inversion vs permutation_boltzmann_cx_displacement,permutation_boltzmann_cx_displacement,73.33928571428571,69.0,False,93.23144128606305
permutation_stochastic_universal_scx_inversion vs permutation_tournament_cx_insert,permutation_tournament_cx_insert,75.45535714285714,71.11607142857143,False,93.23144128606305
permutation_stochastic_universal_scx_inversion vs binary_tournament_uniform_interchanging,binary_tournament_uniform_interchanging,77.76785714285714,73.42857142857143,False,93.23144128606305
permutation_stochastic_universal_scx_inversion vs permutation_rank_pmx_swap,permutation_rank_pmx_swap,78.58035714285714,74.24107142857143,False,93.23144128606305
permutation_stochastic_universal_scx_inversion vs permutation_tournament_pos_insert,permutation_tournament_pos_insert,81.3125,76.97321428571429,False,93.23144128606305
permutation_stochastic_universal_scx_inversion vs binary_stochastic_universal_uniform_interchanging,binary_stochastic_universal_uniform_interchanging,81.91071428571429,77.57142857142858,False,93.23144128606305
permutation_stochastic_universal_scx_inversion vs permutation_elitism_cx_displacement,permutation_elitism_cx_displacement,82.58928571428571,78.25,False,93.23144128606305
permutation_stochastic_universal_scx_inversion vs permutation_tournament_obx_insert,permutation_tournament_obx_insert,82.74107142857143,78.40178571428572,False,93.23144128606305
permutation_stochastic_universal_scx_inversion vs binary_roulette_wheel_uniform_interchanging,binary_roulette_wheel_uniform_interchanging,84.76785714285714,80.42857142857143,False,93.23144128606305
permutation_stochastic_universal_scx_inversion vs permutation_rank_cx_swap,permutation_rank_cx_swap,86.08035714285714,81.74107142857143,False,93.23144128606305
permutation_stochastic_universal_scx_inversion vs binary_rank_shuffle_interchanging,binary_rank_shuffle_interchanging,89.94642857142857,85.60714285714286,False,93.23144128606305
permutation_stochastic_universal_scx_inversion vs permutation_tournament_ox_displacement,permutation_tournament_ox_displacement,90.1875,85.84821428571429,False,93.23144128606305
permutation_stochastic_universal_scx_inversion vs permutation_tournament_obx_scramble,permutation_tournament_obx_scramble,90.20535714285714,85.86607142857143,False,93.23144128606305
permutation_stochastic_universal_scx_inversion vs permutation_tournament_pos_scramble,permutation_tournament_pos_scramble,90.27678571428571,85.9375,False,93.23144128606305
permutation_stochastic_universal_scx_inversion vs permutation_rank_cx_insert,permutation_rank_cx_insert,92.29464285714286,87.95535714285715,False,93.23144128606305
permutation_stochastic_universal_scx_inversion vs binary_stochastic_universal_shuffle_interchanging,binary_stochastic_universal_shuffle_interchanging,98.42857142857143,94.08928571428572,True,93.23144128606305
permutation_stochastic_universal_scx_inversion vs permutation_rank_obx_insert,permutation_rank_obx_insert,98.47321428571429,94.13392857142858,True,93.23144128606305
permutation_stochastic_universal_scx_inversion vs permutation_rank_pos_insert,permutation_rank_pos_insert,99.83035714285714,95.49107142857143,True,93.23144128606305
permutation_stochastic_universal_scx_inversion vs real_valued_tournament_flat_polynomial,real_valued_tournament_flat_polynomial,101.05357142857143,96.71428571428572,True,93.23144128606305
permutation_stochastic_universal_scx_inversion vs binary_roulette_wheel_shuffle_interchanging,binary_roulette_wheel_shuffle_interchanging,102.08928571428571,97.75,True,93.23144128606305
permutation_stochastic_universal_scx_inversion vs permutation_boltzmann_erx_inversion,permutation_boltzmann_erx_inversion,103.14285714285714,98.80357142857143,True,93.23144128606305
permutation_stochastic_universal_scx_inversion vs binary_rank_multi_point_interchanging,binary_rank_multi_point_interchanging,105.30357142857143,100.96428571428572,True,93.23144128606305
permutation_stochastic_universal_scx_inversion vs permutation_tournament_pmx_displacement,permutation_tournament_pmx_displacement,105.3125,100.97321428571429,True,93.23144128606305
permutation_stochastic_universal_scx_inversion vs permutation_rank_obx_swap,permutation_rank_obx_swap,107.3125,102.97321428571429,True,93.23144128606305
permutation_stochastic_universal_scx_inversion vs binary_tournament_shuffle_interchanging,binary_tournament_shuffle_interchanging,108.19642857142857,103.85714285714286,True,93.23144128606305
permutation_stochastic_universal_scx_inversion vs permutation_rank_pos_swap,permutation_rank_pos_swap,109.75892857142857,105.41964285714286,True,93.23144128606305
permutation_stochastic_universal_scx_inversion vs binary_tournament_multi_point_interchanging,binary_tournament_multi_point_interchanging,109.98214285714286,105.64285714285715,True,93.23144128606305
permutation_stochastic_universal_scx_inversion vs permutation_boltzmann_erx_swap,permutation_boltzmann_erx_swap,110.98214285714286,106.64285714285715,True,93.23144128606305
permutation_stochastic_universal_scx_inversion vs binary_rank_two_point_interchanging,binary_rank_two_point_interchanging,114.73214285714286,110.39285714285715,True,93.23144128606305
permutation_stochastic_universal_scx_inversion vs binary_elitism_uniform_interchanging,binary_elitism_uniform_interchanging,117.125,112.78571428571429,True,93.23144128606305
permutation_stochastic_universal_scx_inversion vs permutation_roulette_wheel_pmx_swap,permutation_roulette_wheel_pmx_swap,117.27678571428571,112.9375,True,93.23144128606305
permutation_stochastic_universal_scx_inversion vs binary_tournament_two_point_interchanging,binary_tournament_two_point_interchanging,117.53571428571429,113.19642857142858,True,93.23144128606305
permutation_stochastic_universal_scx_inversion vs permutation_tournament_cx_displacement,permutation_tournament_cx_displacement,117.66964285714286,113.33035714285715,True,93.23144128606305
permutation_stochastic_universal_scx_inversion vs permutation_boltzmann_erx_insert,permutation_boltzmann_erx_insert,118.55357142857143,114.21428571428572,True,93.23144128606305
permutation_stochastic_universal_scx_inversion vs binary_elitism_multi_point_interchanging,binary_elitism_multi_point_interchanging,119.44642857142857,115.10714285714286,True,93.23144128606305
permutation_stochastic_universal_scx_inversion vs permutation_elitism_obx_scramble,permutation_elitism_obx_scramble,119.82142857142857,115.48214285714286,True,93.23144128606305
permutation_stochastic_universal_scx_inversion vs binary_elitism_two_point_interchanging,binary_elitism_two_point_interchanging,121.41071428571429,117.07142857142858,True,93.23144128606305
permutation_stochastic_universal_scx_inversion vs binary_elitism_single_point_interchanging,binary_elitism_single_point_interchanging,121.58928571428571,117.25,True,93.23144128606305
permutation_stochastic_universal_scx_inversion vs permutation_elitism_pos_scramble,permutation_elitism_pos_scramble,122.08928571428571,117.75,True,93.23144128606305
permutation_stochastic_universal_scx_inversion vs permutation_roulette_wheel_cx_swap,permutation_roulette_wheel_cx_swap,122.22321428571429,117.88392857142858,True,93.23144128606305
permutation_stochastic_universal_scx_inversion vs permutation_stochastic_universal_cx_swap,permutation_stochastic_universal_cx_swap,123.65178571428571,119.3125,True,93.23144128606305
permutation_stochastic_universal_scx_inversion vs binary_tournament_single_point_interchanging,binary_tournament_single_point_interchanging,124.08928571428571,119.75,True,93.23144128606305
permutation_stochastic_universal_scx_inversion vs permutation_roulette_wheel_cx_insert,permutation_roulette_wheel_cx_insert,124.13392857142857,119.79464285714286,True,93.23144128606305
permutation_stochastic_universal_scx_inversion vs binary_elitism_shuffle_interchanging,binary_elitism_shuffle_interchanging,124.30357142857143,119.96428571428572,True,93.23144128606305
permutation_stochastic_universal_scx_inversion vs binary_boltzmann_single_point_interchanging,binary_boltzmann_single_point_interchanging,125.82142857142857,121.48214285714286,True,93.23144128606305
permutation_stochastic_universal_scx_inversion vs real_valued_rank_flat_polynomial,real_valued_rank_flat_polynomial,126.03571428571429,121.69642857142858,True,93.23144128606305
permutation_stochastic_universal_scx_inversion vs binary_rank_single_point_interchanging,binary_rank_single_point_interchanging,126.58928571428571,122.25,True,93.23144128606305
permutation_stochastic_universal_scx_inversion vs binary_boltzmann_shuffle_interchanging,binary_boltzmann_shuffle_interchanging,126.66071428571429,122.32142857142858,True,93.23144128606305
permutation_stochastic_universal_scx_inversion vs permutation_stochastic_universal_pmx_swap,permutation_stochastic_universal_pmx_swap,126.8125,122.47321428571429,True,93.23144128606305
permutation_stochastic_universal_scx_inversion vs permutation_tournament_ox_scramble,permutation_tournament_ox_scramble,127.00892857142857,122.66964285714286,True,93.23144128606305
permutation_stochastic_universal_scx_inversion vs binary_boltzmann_two_point_interchanging,binary_boltzmann_two_point_interchanging,128.07142857142858,123.73214285714288,True,93.23144128606305
permutation_stochastic_universal_scx_inversion vs binary_roulette_wheel_multi_point_interchanging,binary_roulette_wheel_multi_point_interchanging,128.375,124.03571428571429,True,93.23144128606305
permutation_stochastic_universal_scx_inversion vs binary_boltzmann_multi_point_interchanging,binary_boltzmann_multi_point_interchanging,128.48214285714286,124.14285714285715,True,93.23144128606305
permutation_stochastic_universal_scx_inversion vs binary_boltzmann_uniform_interchanging,binary_boltzmann_uniform_interchanging,128.64285714285714,124.30357142857143,True,93.23144128606305
permutation_stochastic_universal_scx_inversion vs binary_stochastic_universal_multi_point_interchanging,binary_stochastic_universal_multi_point_interchanging,128.82142857142858,124.48214285714288,True,93.23144128606305
permutation_stochastic_universal_scx_inversion vs permutation_elitism_pmx_scramble,permutation_elitism_pmx_scramble,130.01785714285714,125.67857142857143,True,93.23144128606305
permutation_stochastic_universal_scx_inversion vs permutation_rank_obx_scramble,permutation_rank_obx_scramble,130.41964285714286,126.08035714285715,True,93.23144128606305
permutation_stochastic_universal_scx_inversion vs permutation_stochastic_universal_cx_insert,permutation_stochastic_universal_cx_insert,130.61607142857142,126.27678571428571,True,93.23144128606305
permutation_stochastic_universal_scx_inversion vs permutation_elitism_cx_scramble,permutation_elitism_cx_scramble,130.875,126.53571428571429,True,93.23144128606305
permutation_stochastic_universal_scx_inversion vs permutation_rank_pos_scramble,permutation_rank_pos_scramble,131.40178571428572,127.06250000000001,True,93.23144128606305
permutation_stochastic_universal_scx_inversion vs permutation_tournament_pmx_scramble,permutation_tournament_pmx_scramble,131.9375,127.59821428571429,True,93.23144128606305
permutation_stochastic_universal_scx_inversion vs permutation_elitism_ox_scramble,permutation_elitism_ox_scramble,134.03571428571428,129.69642857142856,True,93.23144128606305
permutation_stochastic_universal_scx_inversion vs permutation_boltzmann_erx_displacement,permutation_boltzmann_erx_displacement,135.10714285714286,130.76785714285714,True,93.23144128606305
permutation_stochastic_universal_scx_inversion vs permutation_elitism_erx_insert,permutation_elitism_erx_insert,140.91071428571428,136.57142857142856,True,93.23144128606305
permutation_stochastic_universal_scx_inversion vs permutation_elitism_erx_inversion,permutation_elitism_erx_inversion,142.89285714285714,138.55357142857142,True,93.23144128606305
permutation_stochastic_universal_scx_inversion vs permutation_roulette_wheel_pos_insert,permutation_roulette_wheel_pos_insert,144.58035714285714,140.24107142857142,True,93.23144128606305
permutation_stochastic_universal_scx_inversion vs permutation_stochastic_universal_pos_insert,permutation_stochastic_universal_pos_insert,145.1875,140.84821428571428,True,93.23144128606305
permutation_stochastic_universal_scx_inversion vs permutation_roulette_wheel_obx_insert,permutation_roulette_wheel_obx_insert,145.49107142857142,141.1517857142857,True,93.23144128606305
permutation_stochastic_universal_scx_inversion vs binary_stochastic_universal_two_point_interchanging,binary_stochastic_universal_two_point_interchanging,145.69642857142858,141.35714285714286,True,93.23144128606305
permutation_stochastic_universal_scx_inversion vs permutation_stochastic_universal_obx_insert,permutation_stochastic_universal_obx_insert,146.36607142857142,142.0267857142857,True,93.23144128606305
permutation_stochastic_universal_scx_inversion vs permutation_tournament_cx_inversion,permutation_tournament_cx_inversion,147.16964285714286,142.83035714285714,True,93.23144128606305
permutation_stochastic_universal_scx_inversion vs permutation_elitism_erx_swap,permutation_elitism_erx_swap,147.46428571428572,143.125,True,93.23144128606305
permutation_stochastic_universal_scx_inversion vs binary_roulette_wheel_two_point_interchanging,binary_roulette_wheel_two_point_interchanging,147.89285714285714,143.55357142857142,True,93.23144128606305
permutation_stochastic_universal_scx_inversion vs permutation_boltzmann_scx_scramble,permutation_boltzmann_scx_scramble,148.875,144.53571428571428,True,93.23144128606305
permutation_stochastic_universal_scx_inversion vs real_valued_tournament_flat_gaussian,real_valued_tournament_flat_gaussian,148.875,144.53571428571428,True,93.23144128606305
permutation_stochastic_universal_scx_inversion vs permutation_rank_ox_insert,permutation_rank_ox_insert,149.88392857142858,145.54464285714286,True,93.23144128606305
permutation_stochastic_universal_scx_inversion vs permutation_elitism_erx_displacement,permutation_elitism_erx_displacement,152.5,148.16071428571428,True,93.23144128606305
permutation_stochastic_universal_scx_inversion vs permutation_boltzmann_pos_scramble,permutation_boltzmann_pos_scramble,153.39285714285714,149.05357142857142,True,93.23144128606305
permutation_stochastic_universal_scx_inversion vs permutation_boltzmann_obx_scramble,permutation_boltzmann_obx_scramble,154.32142857142858,149.98214285714286,True,93.23144128606305
permutation_stochastic_universal_scx_inversion vs permutation_boltzmann_pmx_scramble,permutation_boltzmann_pmx_scramble,154.60714285714286,150.26785714285714,True,93.23144128606305
permutation_stochastic_universal_scx_inversion vs permutation_boltzmann_ox_scramble,permutation_boltzmann_ox_scramble,154.96428571428572,150.625,True,93.23144128606305
permutation_stochastic_universal_scx_inversion vs permutation_boltzmann_cx_scramble,permutation_boltzmann_cx_scramble,156.375,152.03571428571428,True,93.23144128606305
permutation_stochastic_universal_scx_inversion vs real_valued_stochastic_universal_flat_polynomial,real_valued_stochastic_universal_flat_polynomial,156.48214285714286,152.14285714285714,True,93.23144128606305
permutation_stochastic_universal_scx_inversion vs binary_roulette_wheel_single_point_interchanging,binary_roulette_wheel_single_point_interchanging,157.25,152.91071428571428,True,93.23144128606305
permutation_stochastic_universal_scx_inversion vs permutation_stochastic_universal_pos_swap,permutation_stochastic_universal_pos_swap,159.16964285714286,154.83035714285714,True,93.23144128606305
permutation_stochastic_universal_scx_inversion vs real_valued_tournament_sbx_polynomial,real_valued_tournament_sbx_polynomial,159.64285714285714,155.30357142857142,True,93.23144128606305
permutation_stochastic_universal_scx_inversion vs permutation_tournament_cx_scramble,permutation_tournament_cx_scramble,160.02678571428572,155.6875,True,93.23144128606305
permutation_stochastic_universal_scx_inversion vs permutation_stochastic_universal_obx_swap,permutation_stochastic_universal_obx_swap,160.38392857142858,156.04464285714286,True,93.23144128606305
permutation_stochastic_universal_scx_inversion vs binary_stochastic_universal_single_point_interchanging,binary_stochastic_universal_single_point_interchanging,160.69642857142858,156.35714285714286,True,93.23144128606305
permutation_stochastic_universal_scx_inversion vs real_valued_roulette_wheel_flat_polynomial,real_valued_roulette_wheel_flat_polynomial,160.71428571428572,156.375,True,93.23144128606305
permutation_stochastic_universal_scx_inversion vs permutation_roulette_wheel_pos_swap,permutation_roulette_wheel_pos_swap,161.72321428571428,157.38392857142856,True,93.23144128606305
permutation_stochastic_universal_scx_inversion vs permutation_rank_cx_scramble,permutation_rank_cx_scramble,162.9375,158.59821428571428,True,93.23144128606305
permutation_stochastic_universal_scx_inversion vs permutation_roulette_wheel_obx_swap,permutation_roulette_wheel_obx_swap,164.0625,159.72321428571428,True,93.23144128606305
permutation_stochastic_universal_scx_inversion vs real_valued_rank_flat_gaussian,real_valued_rank_flat_gaussian,165.89285714285714,161.55357142857142,True,93.23144128606305
permutation_stochastic_universal_scx_inversion vs real_valued_tournament_sbx_gaussian,real_valued_tournament_sbx_gaussian,169.01785714285714,164.67857142857142,True,93.23144128606305
permutation_stochastic_universal_scx_inversion vs real_valued_rank_sbx_polynomial,real_valued_rank_sbx_polynomial,171.35714285714286,167.01785714285714,True,93.23144128606305
permutation_stochastic_universal_scx_inversion vs permutation_elitism_erx_scramble,permutation_elitism_erx_scramble,171.69642857142858,167.35714285714286,True,93.23144128606305
permutation_stochastic_universal_scx_inversion vs real_valued_roulette_wheel_flat_gaussian,real_valued_roulette_wheel_flat_gaussian,175.5,171.16071428571428,True,93.23144128606305
permutation_stochastic_universal_scx_inversion vs permutation_rank_pmx_insert,permutation_rank_pmx_insert,175.75892857142858,171.41964285714286,True,93.23144128606305
permutation_stochastic_universal_scx_inversion vs real_valued_stochastic_universal_flat_gaussian,real_valued_stochastic_universal_flat_gaussian,176.23214285714286,171.89285714285714,True,93.23144128606305
permutation_stochastic_universal_scx_inversion vs real_valued_stochastic_universal_sbx_polynomial,real_valued_stochastic_universal_sbx_polynomial,176.33928571428572,172.0,True,93.23144128606305
permutation_stochastic_universal_scx_inversion vs real_valued_elitism_sbx_gaussian,real_valued_elitism_sbx_gaussian,176.39285714285714,172.05357142857142,True,93.23144128606305
permutation_stochastic_universal_scx_inversion vs real_valued_elitism_sbx_polynomial,real_valued_elitism_sbx_polynomial,177.69642857142858,173.35714285714286,True,93.23144128606305
permutation_stochastic_universal_scx_inversion vs real_valued_roulette_wheel_sbx_polynomial,real_valued_roulette_wheel_sbx_polynomial,178.30357142857142,173.9642857142857,True,93.23144128606305
permutation_stochastic_universal_scx_inversion vs permutation_boltzmann_erx_scramble,permutation_boltzmann_erx_scramble,178.98214285714286,174.64285714285714,True,93.23144128606305
permutation_stochastic_universal_scx_inversion vs real_valued_rank_sbx_gaussian,real_valued_rank_sbx_gaussian,179.67857142857142,175.3392857142857,True,93.23144128606305
permutation_stochastic_universal_scx_inversion vs permutation_rank_pmx_scramble,permutation_rank_pmx_scramble,182.13392857142858,177.79464285714286,True,93.23144128606305
permutation_stochastic_universal_scx_inversion vs real_valued_tournament_blx_alpha_polynomial,real_valued_tournament_blx_alpha_polynomial,184.78571428571428,180.44642857142856,True,93.23144128606305
permutation_stochastic_universal_scx_inversion vs real_valued_stochastic_universal_sbx_gaussian,real_valued_stochastic_universal_sbx_gaussian,184.96428571428572,180.625,True,93.23144128606305
permutation_stochastic_universal_scx_inversion vs permutation_tournament_pos_inversion,permutation_tournament_pos_inversion,185.41964285714286,181.08035714285714,True,93.23144128606305
permutation_stochastic_universal_scx_inversion vs permutation_rank_ox_swap,permutation_rank_ox_swap,186.91964285714286,182.58035714285714,True,93.23144128606305
permutation_stochastic_universal_scx_inversion vs permutation_tournament_obx_inversion,permutation_tournament_obx_inversion,187.95535714285714,183.61607142857142,True,93.23144128606305
permutation_stochastic_universal_scx_inversion vs real_valued_roulette_wheel_sbx_gaussian,real_valued_roulette_wheel_sbx_gaussian,188.05357142857142,183.7142857142857,True,93.23144128606305
permutation_stochastic_universal_scx_inversion vs permutation_rank_cx_inversion,permutation_rank_cx_inversion,192.33035714285714,187.99107142857142,True,93.23144128606305
permutation_stochastic_universal_scx_inversion vs permutation_rank_ox_inversion,permutation_rank_ox_inversion,192.45535714285714,188.11607142857142,True,93.23144128606305
permutation_stochastic_universal_scx_inversion vs permutation_roulette_wheel_cx_scramble,permutation_roulette_wheel_cx_scramble,193.04464285714286,188.70535714285714,True,93.23144128606305
permutation_stochastic_universal_scx_inversion vs permutation_stochastic_universal_cx_scramble,permutation_stochastic_universal_cx_scramble,195.20535714285714,190.86607142857142,True,93.23144128606305
permutation_stochastic_universal_scx_inversion vs permutation_rank_ox_displacement,permutation_rank_ox_displacement,196.40178571428572,192.0625,True,93.23144128606305
permutation_stochastic_universal_scx_inversion vs permutation_roulette_wheel_pmx_insert,permutation_roulette_wheel_pmx_insert,198.59821428571428,194.25892857142856,True,93.23144128606305
permutation_stochastic_universal_scx_inversion vs permutation_rank_ox_scramble,permutation_rank_ox_scramble,199.84821428571428,195.50892857142856,True,93.23144128606305
permutation_stochastic_universal_scx_inversion vs permutation_roulette_wheel_ox_insert,permutation_roulette_wheel_ox_insert,201.47321428571428,197.13392857142856,True,93.23144128606305
permutation_stochastic_universal_scx_inversion vs permutation_stochastic_universal_pmx_insert,permutation_stochastic_universal_pmx_insert,201.84821428571428,197.50892857142856,True,93.23144128606305
permutation_stochastic_universal_scx_inversion vs real_valued_elitism_flat_polynomial,real_valued_elitism_flat_polynomial,202.92857142857142,198.5892857142857,True,93.23144128606305
permutation_stochastic_universal_scx_inversion vs permutation_stochastic_universal_ox_insert,permutation_stochastic_universal_ox_insert,203.3125,198.97321428571428,True,93.23144128606305
permutation_stochastic_universal_scx_inversion vs permutation_tournament_pos_displacement,permutation_tournament_pos_displacement,205.20535714285714,200.86607142857142,True,93.23144128606305
permutation_stochastic_universal_scx_inversion vs permutation_tournament_obx_displacement,permutation_tournament_obx_displacement,205.52678571428572,201.1875,True,93.23144128606305
permutation_stochastic_universal_scx_inversion vs real_valued_boltzmann_sbx_polynomial,real_valued_boltzmann_sbx_polynomial,207.5,203.16071428571428,True,93.23144128606305
permutation_stochastic_universal_scx_inversion vs permutation_roulette_wheel_obx_scramble,permutation_roulette_wheel_obx_scramble,208.38392857142858,204.04464285714286,True,93.23144128606305
permutation_stochastic_universal_scx_inversion vs real_valued_boltzmann_flat_polynomial,real_valued_boltzmann_flat_polynomial,208.5,204.16071428571428,True,93.23144128606305
permutation_stochastic_universal_scx_inversion vs real_valued_boltzmann_blx_alpha_polynomial,real_valued_boltzmann_blx_alpha_polynomial,208.64285714285714,204.30357142857142,True,93.23144128606305
permutation_stochastic_universal_scx_inversion vs permutation_stochastic_universal_pos_scramble,permutation_stochastic_universal_pos_scramble,209.04464285714286,204.70535714285714,True,93.23144128606305
permutation_stochastic_universal_scx_inversion vs permutation_roulette_wheel_pos_scramble,permutation_roulette_wheel_pos_scramble,209.16964285714286,204.83035714285714,True,93.23144128606305
permutation_stochastic_universal_scx_inversion vs permutation_stochastic_universal_obx_scramble,permutation_stochastic_universal_obx_scramble,209.3125,204.97321428571428,True,93.23144128606305
permutation_stochastic_universal_scx_inversion vs real_valued_boltzmann_sbx_gaussian,real_valued_boltzmann_sbx_gaussian,210.10714285714286,205.76785714285714,True,93.23144128606305
permutation_stochastic_universal_scx_inversion vs permutation_roulette_wheel_ox_inversion,permutation_roulette_wheel_ox_inversion,210.79464285714286,206.45535714285714,True,93.23144128606305
permutation_stochastic_universal_scx_inversion vs real_valued_boltzmann_flat_gaussian,real_valued_boltzmann_flat_gaussian,211.55357142857142,207.2142857142857,True,93.23144128606305
permutation_stochastic_universal_scx_inversion vs real_valued_boltzmann_blx_alpha_gaussian,real_valued_boltzmann_blx_alpha_gaussian,211.89285714285714,207.55357142857142,True,93.23144128606305
permutation_stochastic_universal_scx_inversion vs permutation_stochastic_universal_ox_inversion,permutation_stochastic_universal_ox_inversion,212.4375,208.09821428571428,True,93.23144128606305
permutation_stochastic_universal_scx_inversion vs permutation_roulette_wheel_ox_swap,permutation_roulette_wheel_ox_swap,213.11607142857142,208.7767857142857,True,93.23144128606305
permutation_stochastic_universal_scx_inversion vs permutation_roulette_wheel_ox_displacement,permutation_roulette_wheel_ox_displacement,214.9375,210.59821428571428,True,93.23144128606305
permutation_stochastic_universal_scx_inversion vs permutation_stochastic_universal_ox_swap,permutation_stochastic_universal_ox_swap,215.38392857142858,211.04464285714286,True,93.23144128606305
permutation_stochastic_universal_scx_inversion vs permutation_roulette_wheel_cx_inversion,permutation_roulette_wheel_cx_inversion,216.34821428571428,212.00892857142856,True,93.23144128606305
permutation_stochastic_universal_scx_inversion vs permutation_stochastic_universal_ox_displacement,permutation_stochastic_universal_ox_displacement,216.95535714285714,212.61607142857142,True,93.23144128606305
permutation_stochastic_universal_scx_inversion vs permutation_stochastic_universal_cx_inversion,permutation_stochastic_universal_cx_inversion,219.36607142857142,215.0267857142857,True,93.23144128606305
permutation_stochastic_universal_scx_inversion vs permutation_rank_obx_inversion,permutation_rank_obx_inversion,220.72321428571428,216.38392857142856,True,93.23144128606305
permutation_stochastic_universal_scx_inversion vs real_valued_tournament_blx_alpha_gaussian,real_valued_tournament_blx_alpha_gaussian,220.94642857142858,216.60714285714286,True,93.23144128606305
permutation_stochastic_universal_scx_inversion vs real_valued_rank_blx_alpha_polynomial,real_valued_rank_blx_alpha_polynomial,221.375,217.03571428571428,True,93.23144128606305
permutation_stochastic_universal_scx_inversion vs permutation_rank_cx_displacement,permutation_rank_cx_displacement,221.38392857142858,217.04464285714286,True,93.23144128606305
permutation_stochastic_universal_scx_inversion vs real_valued_elitism_blx_alpha_polynomial,real_valued_elitism_blx_alpha_polynomial,221.66071428571428,217.32142857142856,True,93.23144128606305
permutation_stochastic_universal_scx_inversion vs permutation_rank_pos_inversion,permutation_rank_pos_inversion,223.00892857142858,218.66964285714286,True,93.23144128606305
permutation_stochastic_universal_scx_inversion vs real_valued_elitism_flat_gaussian,real_valued_elitism_flat_gaussian,224.28571428571428,219.94642857142856,True,93.23144128606305
permutation_stochastic_universal_scx_inversion vs permutation_rank_pmx_inversion,permutation_rank_pmx_inversion,229.91964285714286,225.58035714285714,True,93.23144128606305
permutation_stochastic_universal_scx_inversion vs permutation_roulette_wheel_cx_displacement,permutation_roulette_wheel_cx_displacement,232.40178571428572,228.0625,True,93.23144128606305
permutation_stochastic_universal_scx_inversion vs permutation_stochastic_universal_cx_displacement,permutation_stochastic_universal_cx_displacement,234.58035714285714,230.24107142857142,True,93.23144128606305
permutation_stochastic_universal_scx_inversion vs permutation_rank_pmx_displacement,permutation_rank_pmx_displacement,236.63392857142858,232.29464285714286,True,93.23144128606305
permutation_stochastic_universal_scx_inversion vs real_valued_elitism_blx_alpha_gaussian,real_valued_elitism_blx_alpha_gaussian,237.625,233.28571428571428,True,93.23144128606305
permutation_stochastic_universal_scx_inversion vs permutation_tournament_erx_displacement,permutation_tournament_erx_displacement,237.75892857142858,233.41964285714286,True,93.23144128606305
permutation_stochastic_universal_scx_inversion vs permutation_tournament_erx_inversion,permutation_tournament_erx_inversion,238.00892857142858,233.66964285714286,True,93.23144128606305
permutation_stochastic_universal_scx_inversion vs permutation_tournament_erx_insert,permutation_tournament_erx_insert,238.49107142857142,234.1517857142857,True,93.23144128606305
permutation_stochastic_universal_scx_inversion vs permutation_tournament_erx_swap,permutation_tournament_erx_swap,239.74107142857142,235.4017857142857,True,93.23144128606305
permutation_stochastic_universal_scx_inversion vs permutation_roulette_wheel_pmx_inversion,permutation_roulette_wheel_pmx_inversion,241.45535714285714,237.11607142857142,True,93.23144128606305
permutation_stochastic_universal_scx_inversion vs permutation_roulette_wheel_ox_scramble,permutation_roulette_wheel_ox_scramble,242.61607142857142,238.2767857142857,True,93.23144128606305
permutation_stochastic_universal_scx_inversion vs permutation_roulette_wheel_pos_inversion,permutation_roulette_wheel_pos_inversion,243.04464285714286,238.70535714285714,True,93.23144128606305
permutation_stochastic_universal_scx_inversion vs permutation_rank_obx_displacement,permutation_rank_obx_displacement,243.09821428571428,238.75892857142856,True,93.23144128606305
permutation_stochastic_universal_scx_inversion vs permutation_stochastic_universal_pos_inversion,permutation_stochastic_universal_pos_inversion,243.34821428571428,239.00892857142856,True,93.23144128606305
permutation_stochastic_universal_scx_inversion vs permutation_stochastic_universal_pmx_inversion,permutation_stochastic_universal_pmx_inversion,244.0625,239.72321428571428,True,93.23144128606305
permutation_stochastic_universal_scx_inversion vs permutation_stochastic_universal_obx_inversion,permutation_stochastic_universal_obx_inversion,244.52678571428572,240.1875,True,93.23144128606305
permutation_stochastic_universal_scx_inversion vs real_valued_boltzmann_blx_alpha_uniform,real_valued_boltzmann_blx_alpha_uniform,244.875,240.53571428571428,True,93.23144128606305
permutation_stochastic_universal_scx_inversion vs permutation_stochastic_universal_ox_scramble,permutation_stochastic_universal_ox_scramble,245.38392857142858,241.04464285714286,True,93.23144128606305
permutation_stochastic_universal_scx_inversion vs permutation_roulette_wheel_obx_inversion,permutation_roulette_wheel_obx_inversion,245.54464285714286,241.20535714285714,True,93.23144128606305
permutation_stochastic_universal_scx_inversion vs real_valued_boltzmann_sbx_uniform,real_valued_boltzmann_sbx_uniform,245.58928571428572,241.25,True,93.23144128606305
permutation_stochastic_universal_scx_inversion vs real_valued_boltzmann_flat_uniform,real_valued_boltzmann_flat_uniform,246.125,241.78571428571428,True,93.23144128606305
permutation_stochastic_universal_scx_inversion vs permutation_rank_pos_displacement,permutation_rank_pos_displacement,246.97321428571428,242.63392857142856,True,93.23144128606305
permutation_stochastic_universal_scx_inversion vs permutation_roulette_wheel_pmx_displacement,permutation_roulette_wheel_pmx_displacement,247.24107142857142,242.9017857142857,True,93.23144128606305
permutation_stochastic_universal_scx_inversion vs real_valued_roulette_wheel_blx_alpha_polynomial,real_valued_roulette_wheel_blx_alpha_polynomial,247.46428571428572,243.125,True,93.23144128606305
permutation_stochastic_universal_scx_inversion vs real_valued_stochastic_universal_blx_alpha_polynomial,real_valued_stochastic_universal_blx_alpha_polynomial,249.05357142857142,244.7142857142857,True,93.23144128606305
permutation_stochastic_universal_scx_inversion vs permutation_stochastic_universal_pmx_displacement,permutation_stochastic_universal_pmx_displacement,251.27678571428572,246.9375,True,93.23144128606305
permutation_stochastic_universal_scx_inversion vs permutation_tournament_erx_scramble,permutation_tournament_erx_scramble,251.83035714285714,247.49107142857142,True,93.23144128606305
permutation_stochastic_universal_scx_inversion vs permutation_roulette_wheel_pmx_scramble,permutation_roulette_wheel_pmx_scramble,257.4017857142857,253.0625,True,93.23144128606305
permutation_stochastic_universal_scx_inversion vs permutation_stochastic_universal_pmx_scramble,permutation_stochastic_universal_pmx_scramble,258.11607142857144,253.77678571428572,True,93.23144128606305
permutation_stochastic_universal_scx_inversion vs permutation_rank_erx_insert,permutation_rank_erx_insert,263.41964285714283,259.0803571428571,True,93.23144128606305
permutation_stochastic_universal_scx_inversion vs permutation_stochastic_universal_erx_displacement,permutation_stochastic_universal_erx_displacement,263.5892857142857,259.25,True,93.23144128606305
permutation_stochastic_universal_scx_inversion vs permutation_rank_erx_inversion,permutation_rank_erx_inversion,263.75892857142856,259.41964285714283,True,93.23144128606305
permutation_stochastic_universal_scx_inversion vs permutation_roulette_wheel_erx_inversion,permutation_roulette_wheel_erx_inversion,264.0267857142857,259.6875,True,93.23144128606305
permutation_stochastic_universal_scx_inversion vs permutation_stochastic_universal_erx_inversion,permutation_stochastic_universal_erx_inversion,264.4642857142857,260.125,True,93.23144128606305
permutation_stochastic_universal_scx_inversion vs permutation_roulette_wheel_erx_insert,permutation_roulette_wheel_erx_insert,264.5982142857143,260.25892857142856,True,93.23144128606305
permutation_stochastic_universal_scx_inversion vs permutation_roulette_wheel_pos_displacement,permutation_roulette_wheel_pos_displacement,265.24107142857144,260.9017857142857,True,93.23144128606305
permutation_stochastic_universal_scx_inversion vs permutation_rank_erx_displacement,permutation_rank_erx_displacement,265.2767857142857,260.9375,True,93.23144128606305
permutation_stochastic_universal_scx_inversion vs permutation_rank_erx_swap,permutation_rank_erx_swap,265.5625,261.2232142857143,True,93.23144128606305
permutation_stochastic_universal_scx_inversion vs permutation_stochastic_universal_pos_displacement,permutation_stochastic_universal_pos_displacement,266.0267857142857,261.6875,True,93.23144128606305
permutation_stochastic_universal_scx_inversion vs permutation_roulette_wheel_erx_displacement,permutation_roulette_wheel_erx_displacement,266.08035714285717,261.74107142857144,True,93.23144128606305
permutation_stochastic_universal_scx_inversion vs real_valued_rank_blx_alpha_gaussian,real_valued_rank_blx_alpha_gaussian,266.60714285714283,262.2678571428571,True,93.23144128606305
permutation_stochastic_universal_scx_inversion vs permutation_roulette_wheel_obx_displacement,permutation_roulette_wheel_obx_displacement,266.75892857142856,262.41964285714283,True,93.23144128606305
permutation_stochastic_universal_scx_inversion vs permutation_roulette_wheel_erx_swap,permutation_roulette_wheel_erx_swap,267.2232142857143,262.88392857142856,True,93.23144128606305
permutation_stochastic_universal_scx_inversion vs permutation_stochastic_universal_erx_insert,permutation_stochastic_universal_erx_insert,267.74107142857144,263.4017857142857,True,93.23144128606305
permutation_stochastic_universal_scx_inversion vs permutation_stochastic_universal_erx_swap,permutation_stochastic_universal_erx_swap,267.8125,263.4732142857143,True,93.23144128606305
permutation_stochastic_universal_scx_inversion vs permutation_stochastic_universal_obx_displacement,permutation_stochastic_universal_obx_displacement,268.99107142857144,264.6517857142857,True,93.23144128606305
permutation_stochastic_universal_scx_inversion vs real_valued_elitism_sbx_uniform,real_valued_elitism_sbx_uniform,269.32142857142856,264.98214285714283,True,93.23144128606305
permutation_stochastic_universal_scx_inversion vs permutation_stochastic_universal_erx_scramble,permutation_stochastic_universal_erx_scramble,273.2142857142857,268.875,True,93.23144128606305
permutation_stochastic_universal_scx_inversion vs permutation_rank_erx_scramble,permutation_rank_erx_scramble,274.6875,270.3482142857143,True,93.23144128606305
permutation_stochastic_universal_scx_inversion vs permutation_roulette_wheel_erx_scramble,permutation_roulette_wheel_erx_scramble,276.91964285714283,272.5803571428571,True,93.23144128606305
permutation_stochastic_universal_scx_inversion vs binary_boltzmann_shuffle_uniform,binary_boltzmann_shuffle_uniform,279.60714285714283,275.2678571428571,True,93.23144128606305
permutation_stochastic_universal_scx_inversion vs binary_boltzmann_two_point_uniform,binary_boltzmann_two_point_uniform,280.30357142857144,275.9642857142857,True,93.23144128606305
permutation_stochastic_universal_scx_inversion vs binary_boltzmann_multi_point_uniform,binary_boltzmann_multi_point_uniform,281.2142857142857,276.875,True,93.23144128606305
permutation_stochastic_universal_scx_inversion vs binary_boltzmann_single_point_uniform,binary_boltzmann_single_point_uniform,281.375,277.0357142857143,True,93.23144128606305
permutation_stochastic_universal_scx_inversion vs binary_boltzmann_uniform_uniform,binary_boltzmann_uniform_uniform,281.57142857142856,277.23214285714283,True,93.23144128606305
permutation_stochastic_universal_scx_inversion vs real_valued_elitism_blx_alpha_uniform,real_valued_elitism_blx_alpha_uniform,284.0,279.6607142857143,True,93.23144128606305
permutation_stochastic_universal_scx_inversion vs real_valued_elitism_flat_uniform,real_valued_elitism_flat_uniform,284.01785714285717,279.67857142857144,True,93.23144128606305
permutation_stochastic_universal_scx_inversion vs binary_elitism_single_point_uniform,binary_elitism_single_point_uniform,291.67857142857144,287.3392857142857,True,93.23144128606305
permutation_stochastic_universal_scx_inversion vs binary_elitism_two_point_uniform,binary_elitism_two_point_uniform,291.67857142857144,287.3392857142857,True,93.23144128606305
permutation_stochastic_universal_scx_inversion vs binary_elitism_multi_point_uniform,binary_elitism_multi_point_uniform,292.23214285714283,287.8928571428571,True,93.23144128606305
permutation_stochastic_universal_scx_inversion vs real_valued_stochastic_universal_blx_alpha_gaussian,real_valued_stochastic_universal_blx_alpha_gaussian,294.9642857142857,290.625,True,93.23144128606305
permutation_stochastic_universal_scx_inversion vs real_valued_roulette_wheel_blx_alpha_gaussian,real_valued_roulette_wheel_blx_alpha_gaussian,296.26785714285717,291.92857142857144,True,93.23144128606305
permutation_stochastic_universal_scx_inversion vs binary_elitism_shuffle_uniform,binary_elitism_shuffle_uniform,296.92857142857144,292.5892857142857,True,93.23144128606305
permutation_stochastic_universal_scx_inversion vs real_valued_tournament_sbx_uniform,real_valued_tournament_sbx_uniform,297.76785714285717,293.42857142857144,True,93.23144128606305
permutation_stochastic_universal_scx_inversion vs binary_elitism_uniform_uniform,binary_elitism_uniform_uniform,304.17857142857144,299.8392857142857,True,93.23144128606305
permutation_stochastic_universal_scx_inversion vs real_valued_rank_sbx_uniform,real_valued_rank_sbx_uniform,307.5892857142857,303.25,True,93.23144128606305
permutation_stochastic_universal_scx_inversion vs real_valued_roulette_wheel_sbx_uniform,real_valued_roulette_wheel_sbx_uniform,308.07142857142856,303.73214285714283,True,93.23144128606305
permutation_stochastic_universal_scx_inversion vs binary_rank_single_point_uniform,binary_rank_single_point_uniform,310.55357142857144,306.2142857142857,True,93.23144128606305
permutation_stochastic_universal_scx_inversion vs binary_boltzmann_uniform_bit_flip,binary_boltzmann_uniform_bit_flip,311.6607142857143,307.32142857142856,True,93.23144128606305
permutation_stochastic_universal_scx_inversion vs real_valued_stochastic_universal_sbx_uniform,real_valued_stochastic_universal_sbx_uniform,312.01785714285717,307.67857142857144,True,93.23144128606305
permutation_stochastic_universal_scx_inversion vs binary_rank_two_point_uniform,binary_rank_two_point_uniform,312.69642857142856,308.35714285714283,True,93.23144128606305
permutation_stochastic_universal_scx_inversion vs binary_boltzmann_two_point_bit_flip,binary_boltzmann_two_point_bit_flip,312.76785714285717,308.42857142857144,True,93.23144128606305
permutation_stochastic_universal_scx_inversion vs binary_tournament_multi_point_uniform,binary_tournament_multi_point_uniform,313.23214285714283,308.8928571428571,True,93.23144128606305
permutation_stochastic_universal_scx_inversion vs binary_tournament_two_point_uniform,binary_tournament_two_point_uniform,313.35714285714283,309.0178571428571,True,93.23144128606305
permutation_stochastic_universal_scx_inversion vs binary_tournament_shuffle_uniform,binary_tournament_shuffle_uniform,314.4107142857143,310.07142857142856,True,93.23144128606305
permutation_stochastic_universal_scx_inversion vs binary_tournament_single_point_uniform,binary_tournament_single_point_uniform,315.3392857142857,311.0,True,93.23144128606305
permutation_stochastic_universal_scx_inversion vs binary_stochastic_universal_multi_point_uniform,binary_stochastic_universal_multi_point_uniform,315.375,311.0357142857143,True,93.23144128606305
permutation_stochastic_universal_scx_inversion vs binary_boltzmann_single_point_bit_flip,binary_boltzmann_single_point_bit_flip,315.5,311.1607142857143,True,93.23144128606305
permutation_stochastic_universal_scx_inversion vs binary_roulette_wheel_multi_point_uniform,binary_roulette_wheel_multi_point_uniform,315.82142857142856,311.48214285714283,True,93.23144128606305
permutation_stochastic_universal_scx_inversion vs binary_boltzmann_multi_point_bit_flip,binary_boltzmann_multi_point_bit_flip,316.44642857142856,312.10714285714283,True,93.23144128606305
permutation_stochastic_universal_scx_inversion vs binary_rank_shuffle_uniform,binary_rank_shuffle_uniform,317.4107142857143,313.07142857142856,True,93.23144128606305
permutation_stochastic_universal_scx_inversion vs binary_rank_multi_point_uniform,binary_rank_multi_point_uniform,317.4107142857143,313.07142857142856,True,93.23144128606305
permutation_stochastic_universal_scx_inversion vs binary_roulette_wheel_uniform_uniform,binary_roulette_wheel_uniform_uniform,317.9107142857143,313.57142857142856,True,93.23144128606305
permutation_stochastic_universal_scx_inversion vs binary_roulette_wheel_single_point_uniform,binary_roulette_wheel_single_point_uniform,318.19642857142856,313.85714285714283,True,93.23144128606305
permutation_stochastic_universal_scx_inversion vs binary_tournament_multi_point_bit_flip,binary_tournament_multi_point_bit_flip,318.2142857142857,313.875,True,93.23144128606305
permutation_stochastic_universal_scx_inversion vs binary_boltzmann_shuffle_bit_flip,binary_boltzmann_shuffle_bit_flip,318.4107142857143,314.07142857142856,True,93.23144128606305
permutation_stochastic_universal_scx_inversion vs binary_stochastic_universal_single_point_uniform,binary_stochastic_universal_single_point_uniform,318.48214285714283,314.1428571428571,True,93.23144128606305
permutation_stochastic_universal_scx_inversion vs binary_roulette_wheel_two_point_uniform,binary_roulette_wheel_two_point_uniform,319.0,314.6607142857143,True,93.23144128606305
permutation_stochastic_universal_scx_inversion vs real_valued_rank_blx_alpha_uniform,real_valued_rank_blx_alpha_uniform,319.23214285714283,314.8928571428571,True,93.23144128606305
permutation_stochastic_universal_scx_inversion vs binary_elitism_single_point_bit_flip,binary_elitism_single_point_bit_flip,319.26785714285717,314.92857142857144,True,93.23144128606305
permutation_stochastic_universal_scx_inversion vs real_valued_tournament_blx_alpha_uniform,real_valued_tournament_blx_alpha_uniform,319.2857142857143,314.94642857142856,True,93.23144128606305
permutation_stochastic_universal_scx_inversion vs real_valued_stochastic_universal_flat_uniform,real_valued_stochastic_universal_flat_uniform,319.44642857142856,315.10714285714283,True,93.23144128606305
permutation_stochastic_universal_scx_inversion vs binary_stochastic_universal_two_point_uniform,binary_stochastic_universal_two_point_uniform,320.07142857142856,315.73214285714283,True,93.23144128606305
permutation_stochastic_universal_scx_inversion vs binary_stochastic_universal_shuffle_bit_flip,binary_stochastic_universal_shuffle_bit_flip,320.375,316.0357142857143,True,93.23144128606305
permutation_stochastic_universal_scx_inversion vs binary_elitism_two_point_bit_flip,binary_elitism_two_point_bit_flip,320.7857142857143,316.44642857142856,True,93.23144128606305
permutation_stochastic_universal_scx_inversion vs binary_stochastic_universal_uniform_uniform,binary_stochastic_universal_uniform_uniform,320.92857142857144,316.5892857142857,True,93.23144128606305
permutation_stochastic_universal_scx_inversion vs binary_stochastic_universal_uniform_bit_flip,binary_stochastic_universal_uniform_bit_flip,321.19642857142856,316.85714285714283,True,93.23144128606305
permutation_stochastic_universal_scx_inversion vs real_valued_rank_flat_uniform,real_valued_rank_flat_uniform,321.2857142857143,316.94642857142856,True,93.23144128606305
permutation_stochastic_universal_scx_inversion vs binary_roulette_wheel_shuffle_uniform,binary_roulette_wheel_shuffle_uniform,321.32142857142856,316.98214285714283,True,93.23144128606305
permutation_stochastic_universal_scx_inversion vs real_valued_tournament_flat_uniform,real_valued_tournament_flat_uniform,321.6607142857143,317.32142857142856,True,93.23144128606305
permutation_stochastic_universal_scx_inversion vs binary_stochastic_universal_two_point_bit_flip,binary_stochastic_universal_two_point_bit_flip,321.75,317.4107142857143,True,93.23144128606305
permutation_stochastic_universal_scx_inversion vs real_valued_roulette_wheel_blx_alpha_uniform,real_valued_roulette_wheel_blx_alpha_uniform,322.01785714285717,317.67857142857144,True,93.23144128606305
permutation_stochastic_universal_scx_inversion vs binary_tournament_uniform_bit_flip,binary_tournament_uniform_bit_flip,322.7857142857143,318.44642857142856,True,93.23144128606305
permutation_stochastic_universal_scx_inversion vs binary_elitism_multi_point_bit_flip,binary_elitism_multi_point_bit_flip,322.85714285714283,318.5178571428571,True,93.23144128606305
permutation_stochastic_universal_scx_inversion vs binary_tournament_shuffle_bit_flip,binary_tournament_shuffle_bit_flip,322.89285714285717,318.55357142857144,True,93.23144128606305
permutation_stochastic_universal_scx_inversion vs binary_rank_shuffle_bit_flip,binary_rank_shuffle_bit_flip,323.2857142857143,318.94642857142856,True,93.23144128606305
permutation_stochastic_universal_scx_inversion vs binary_rank_uniform_uniform,binary_rank_uniform_uniform,323.67857142857144,319.3392857142857,True,93.23144128606305
permutation_stochastic_universal_scx_inversion vs binary_tournament_uniform_uniform,binary_tournament_uniform_uniform,323.92857142857144,319.5892857142857,True,93.23144128606305
permutation_stochastic_universal_scx_inversion vs binary_roulette_wheel_single_point_bit_flip,binary_roulette_wheel_single_point_bit_flip,324.4642857142857,320.125,True,93.23144128606305
permutation_stochastic_universal_scx_inversion vs binary_tournament_two_point_bit_flip,binary_tournament_two_point_bit_flip,324.48214285714283,320.1428571428571,True,93.23144128606305
permutation_stochastic_universal_scx_inversion vs binary_stochastic_universal_multi_point_bit_flip,binary_stochastic_universal_multi_point_bit_flip,324.5,320.1607142857143,True,93.23144128606305
permutation_stochastic_universal_scx_inversion vs binary_elitism_uniform_bit_flip,binary_elitism_uniform_bit_flip,324.55357142857144,320.2142857142857,True,93.23144128606305
permutation_stochastic_universal_scx_inversion vs binary_stochastic_universal_single_point_bit_flip,binary_stochastic_universal_single_point_bit_flip,324.69642857142856,320.35714285714283,True,93.23144128606305
permutation_stochastic_universal_scx_inversion vs binary_rank_single_point_bit_flip,binary_rank_single_point_bit_flip,324.875,320.5357142857143,True,93.23144128606305
permutation_stochastic_universal_scx_inversion vs binary_roulette_wheel_uniform_bit_flip,binary_roulette_wheel_uniform_bit_flip,324.89285714285717,320.55357142857144,True,93.23144128606305
permutation_stochastic_universal_scx_inversion vs binary_stochastic_universal_shuffle_uniform,binary_stochastic_universal_shuffle_uniform,324.9107142857143,320.57142857142856,True,93.23144128606305
permutation_stochastic_universal_scx_inversion vs real_valued_stochastic_universal_blx_alpha_uniform,real_valued_stochastic_universal_blx_alpha_uniform,325.5892857142857,321.25,True,93.23144128606305
permutation_stochastic_universal_scx_inversion vs binary_tournament_single_point_bit_flip,binary_tournament_single_point_bit_flip,325.85714285714283,321.5178571428571,True,93.23144128606305
permutation_stochastic_universal_scx_inversion vs binary_rank_uniform_bit_flip,binary_rank_uniform_bit_flip,325.89285714285717,321.55357142857144,True,93.23144128606305
permutation_stochastic_universal_scx_inversion vs real_valued_roulette_wheel_flat_uniform,real_valued_roulette_wheel_flat_uniform,326.25,321.9107142857143,True,93.23144128606305
permutation_stochastic_universal_scx_inversion vs binary_elitism_shuffle_bit_flip,binary_elitism_shuffle_bit_flip,326.3392857142857,322.0,True,93.23144128606305
permutation_stochastic_universal_scx_inversion vs binary_roulette_wheel_shuffle_bit_flip,binary_roulette_wheel_shuffle_bit_flip,326.80357142857144,322.4642857142857,True,93.23144128606305
permutation_stochastic_universal_scx_inversion vs binary_rank_two_point_bit_flip,binary_rank_two_point_bit_flip,327.2857142857143,322.94642857142856,True,93.23144128606305
permutation_stochastic_universal_scx_inversion vs binary_roulette_wheel_multi_point_bit_flip,binary_roulette_wheel_multi_point_bit_flip,327.4107142857143,323.07142857142856,True,93.23144128606305
permutation_stochastic_universal_scx_inversion vs binary_rank_multi_point_bit_flip,binary_rank_multi_point_bit_flip,328.30357142857144,323.9642857142857,True,93.23144128606305
permutation_stochastic_universal_scx_inversion vs binary_roulette_wheel_two_point_bit_flip,binary_roulette_wheel_two_point_bit_flip,329.17857142857144,324.8392857142857,True,93.23144128606305
